,days,date,cases,daily_cases,slope,14_day_avg,new_cases14,slope14,masks
0,0,2020-01-22,0,0.0,0.0,,,,0.0
1,1,2020-01-23,0,0.0,0.0,,,,0.0
2,2,2020-01-24,0,0.0,0.0,,,,0.0
3,3,2020-01-25,0,0.0,0.0,,,,0.0
4,4,2020-01-26,0,0.0,0.0,,,,0.0
5,5,2020-01-27,0,0.0,0.0,,,,0.0
6,6,2020-01-28,0,0.0,0.0,,,,0.0
7,7,2020-01-29,0,0.0,0.0,,,,0.0
8,8,2020-01-30,0,0.0,0.0,,,,0.0
9,9,2020-01-31,0,0.0,0.0,,,,0.0
10,10,2020-02-01,0,0.0,0.0,,,,0.0
11,11,2020-02-02,0,0.0,0.0,,,,0.0
12,12,2020-02-03,0,0.0,0.0,,,,0.0
13,13,2020-02-04,0,0.0,0.0,0.0,,,0.0
14,14,2020-02-05,0,0.0,0.0,0.0,0.0,,0.0
15,15,2020-02-06,0,0.0,0.0,0.0,0.0,0.0,0.0
16,16,2020-02-07,0,0.0,0.0,0.0,0.0,0.0,0.0
17,17,2020-02-08,0,0.0,0.0,0.0,0.0,0.0,0.0
18,18,2020-02-09,0,0.0,0.0,0.0,0.0,0.0,0.0
19,19,2020-02-10,0,0.0,0.0,0.0,0.0,0.0,0.0
20,20,2020-02-11,0,0.0,0.0,0.0,0.0,0.0,0.0
21,21,2020-02-12,0,0.0,0.0,0.0,0.0,0.0,0.0
22,22,2020-02-13,0,0.0,0.0,0.0,0.0,0.0,0.0
23,23,2020-02-14,0,0.0,0.0,0.0,0.0,0.0,0.0
24,24,2020-02-15,0,0.0,0.0,0.0,0.0,0.0,0.0
25,25,2020-02-16,0,0.0,0.0,0.0,0.0,0.0,0.0
26,26,2020-02-17,0,0.0,0.0,0.0,0.0,0.0,0.0
27,27,2020-02-18,0,0.0,0.0,0.0,0.0,0.0,0.0
28,28,2020-02-19,0,0.0,0.0,0.0,0.0,0.0,0.0
29,29,2020-02-20,0,0.0,0.0,0.0,0.0,0.0,0.0
30,30,2020-02-21,0,0.0,0.0,0.0,0.0,0.0,0.0
31,31,2020-02-22,0,0.0,0.0,0.0,0.0,0.0,0.0
32,32,2020-02-23,0,0.0,0.0,0.0,0.0,0.0,0.0
33,33,2020-02-24,0,0.0,0.0,0.0,0.0,0.0,0.0
34,34,2020-02-25,0,0.0,0.0,0.0,0.0,0.0,0.0
35,35,2020-02-26,0,0.0,0.0,0.0,0.0,0.0,0.0
36,36,2020-02-27,0,0.0,0.0,0.0,0.0,0.0,0.0
37,37,2020-02-28,0,0.0,0.0,0.0,0.0,0.0,0.0
38,38,2020-02-29,0,0.0,0.0,0.0,0.0,0.0,0.0
39,39,2020-03-01,0,0.0,0.0,0.0,0.0,0.0,0.0
40,40,2020-03-02,0,0.0,0.0,0.0,0.0,0.0,0.0
41,41,2020-03-03,0,0.0,0.0,0.0,0.0,0.0,0.0
42,42,2020-03-04,0,0.0,0.0,0.0,0.0,0.0,0.0
43,43,2020-03-05,0,0.0,0.0,0.0,0.0,0.0,0.0
44,44,2020-03-06,1,1.0,1.0,0.0,0.0,0.0,0.0
45,45,2020-03-07,1,0.0,-1.0,0.0,0.0,0.0,0.0
46,46,2020-03-08,1,0.0,0.0,0.0,0.0,0.0,0.0
47,47,2020-03-09,2,1.0,1.0,0.0,0.0,0.0,0.0
48,48,2020-03-10,2,0.0,-1.0,0.0,0.0,0.0,0.0
49,49,2020-03-11,4,2.0,2.0,1.0,1.0,1.0,0.0
50,50,2020-03-12,7,3.0,1.0,1.0,0.0,-1.0,0.0
51,51,2020-03-13,7,0.0,-3.0,2.0,1.0,1.0,0.0
52,52,2020-03-14,15,8.0,8.0,3.0,1.0,0.0,0.0
53,53,2020-03-15,15,0.0,-8.0,4.0,1.0,0.0,0.0
54,54,2020-03-16,43,28.0,28.0,7.0,3.0,2.0,0.0
55,55,2020-03-17,47,4.0,-24.0,10.0,3.0,0.0,0.0
56,56,2020-03-18,57,10.0,6.0,14.0,4.0,1.0,0.0
57,57,2020-03-19,65,8.0,-2.0,19.0,5.0,1.0,0.0
58,58,2020-03-20,81,16.0,8.0,25.0,6.0,1.0,0.0
59,59,2020-03-21,90,9.0,-7.0,31.0,6.0,0.0,0.0
60,60,2020-03-22,108,18.0,9.0,39.0,8.0,2.0,0.0
61,61,2020-03-23,161,53.0,35.0,50.0,11.0,3.0,0.0
62,62,2020-03-24,180,19.0,-34.0,63.0,13.0,2.0,0.0
63,63,2020-03-25,193,13.0,-6.0,76.0,13.0,0.0,0.0
64,64,2020-03-26,222,29.0,16.0,92.0,16.0,3.0,0.0
65,65,2020-03-27,250,28.0,-1.0,109.0,17.0,1.0,0.0
66,66,2020-03-28,281,31.0,3.0,128.0,19.0,2.0,0.0
67,67,2020-03-29,318,37.0,6.0,150.0,22.0,3.0,0.0
68,68,2020-03-30,362,44.0,7.0,172.0,22.0,0.0,0.0
69,69,2020-03-31,389,27.0,-17.0,197.0,25.0,3.0,0.0
70,70,2020-04-01,422,33.0,6.0,223.0,26.0,1.0,0.0
71,71,2020-04-02,450,28.0,-5.0,250.0,27.0,1.0,0.0
72,72,2020-04-03,473,23.0,-5.0,278.0,28.0,1.0,0.0
73,73,2020-04-04,499,26.0,3.0,308.0,30.0,2.0,0.0
74,74,2020-04-05,542,43.0,17.0,339.0,31.0,1.0,0.0
75,75,2020-04-06,573,31.0,-12.0,368.0,29.0,-2.0,0.0
76,76,2020-04-07,618,45.0,14.0,399.0,31.0,2.0,0.0
77,77,2020-04-08,674,56.0,11.0,434.0,35.0,4.0,0.0
78,78,2020-04-09,729,55.0,-1.0,470.0,36.0,1.0,0.0
79,79,2020-04-10,783,54.0,-1.0,508.0,38.0,2.0,0.0
80,80,2020-04-11,850,67.0,13.0,549.0,41.0,3.0,0.0
81,81,2020-04-12,985,135.0,68.0,596.0,47.0,6.0,0.0
82,82,2020-04-13,985,0.0,-135.0,641.0,45.0,-2.0,0.0
83,83,2020-04-14,1003,18.0,18.0,685.0,44.0,-1.0,0.0
84,84,2020-04-15,1116,113.0,95.0,734.0,49.0,5.0,0.0
85,85,2020-04-16,1116,0.0,-113.0,782.0,48.0,-1.0,0.0
86,86,2020-04-17,1306,190.0,190.0,841.0,59.0,11.0,0.0
87,87,2020-04-18,1394,88.0,-102.0,905.0,64.0,5.0,0.0
88,88,2020-04-19,1462,68.0,-20.0,971.0,66.0,2.0,0.0
89,89,2020-04-20,1534,72.0,4.0,1040.0,69.0,3.0,0.0
90,90,2020-04-21,1591,57.0,-15.0,1109.0,69.0,0.0,0.0
91,91,2020-04-22,1670,79.0,22.0,1180.0,71.0,2.0,0.0
92,92,2020-04-23,1773,103.0,24.0,1255.0,75.0,4.0,0.0
93,93,2020-04-24,1877,104.0,1.0,1333.0,78.0,3.0,0.0
94,94,2020-04-25,1996,119.0,15.0,1415.0,82.0,4.0,0.0
95,95,2020-04-26,2080,84.0,-35.0,1493.0,78.0,-4.0,0.0
96,96,2020-04-27,2191,111.0,27.0,1579.0,86.0,8.0,0.0
97,97,2020-04-28,2355,164.0,53.0,1676.0,97.0,11.0,0.0
98,98,2020-04-29,2499,144.0,-20.0,1775.0,99.0,2.0,0.0
99,99,2020-04-30,2682,183.0,39.0,1886.0,111.0,12.0,0.0
100,100,2020-05-01,2836,154.0,-29.0,1996.0,110.0,-1.0,0.0
101,101,2020-05-02,3101,265.0,111.0,2118.0,122.0,12.0,0.0
102,102,2020-05-03,3357,256.0,-9.0,2253.0,135.0,13.0,0.0
103,103,2020-05-04,3589,232.0,-24.0,2400.0,147.0,12.0,0.0
104,104,2020-05-05,3962,373.0,141.0,2569.0,169.0,22.0,0.0
105,105,2020-05-06,4416,454.0,81.0,2765.0,196.0,27.0,0.0
106,106,2020-05-07,4778,362.0,-92.0,2980.0,215.0,19.0,0.0
107,107,2020-05-08,5195,417.0,55.0,3217.0,237.0,22.0,0.0
108,108,2020-05-09,5618,423.0,6.0,3476.0,259.0,22.0,0.0
109,109,2020-05-10,5926,308.0,-115.0,3750.0,274.0,15.0,0.0
110,110,2020-05-11,6275,349.0,41.0,4042.0,292.0,18.0,0.0
111,111,2020-05-12,6735,460.0,111.0,4355.0,313.0,21.0,0.0
112,112,2020-05-13,7021,286.0,-174.0,4678.0,323.0,10.0,0.0
113,113,2020-05-14,7309,288.0,2.0,5008.0,330.0,7.0,0.0
114,114,2020-05-15,7927,618.0,330.0,5372.0,364.0,34.0,0.0
115,115,2020-05-16,8442,515.0,-103.0,5754.0,382.0,18.0,0.0
116,116,2020-05-17,8965,523.0,8.0,6154.0,400.0,18.0,0.0
117,117,2020-05-18,9459,494.0,-29.0,6573.0,419.0,19.0,0.0
118,118,2020-05-19,9927,468.0,-26.0,7000.0,427.0,8.0,0.0
119,119,2020-05-20,10360,433.0,-35.0,7424.0,424.0,-3.0,0.0
120,120,2020-05-21,10745,385.0,-48.0,7850.0,426.0,2.0,0.0
121,121,2020-05-22,11288,543.0,158.0,8286.0,436.0,10.0,0.0
122,122,2020-05-23,11877,589.0,46.0,8733.0,447.0,11.0,0.0
123,123,2020-05-24,12470,593.0,4.0,9200.0,467.0,20.0,0.0
124,124,2020-05-25,12976,506.0,-87.0,9679.0,479.0,12.0,0.0
125,125,2020-05-26,13486,510.0,4.0,10161.0,482.0,3.0,0.0
126,126,2020-05-27,13720,234.0,-276.0,10639.0,478.0,-4.0,0.0
127,127,2020-05-28,14032,312.0,78.0,11120.0,481.0,3.0,0.0
128,128,2020-05-29,14469,437.0,125.0,11587.0,467.0,-14.0,0.0
129,129,2020-05-30,14901,432.0,-5.0,12048.0,461.0,-6.0,0.0
130,130,2020-05-31,15410,509.0,77.0,12509.0,461.0,0.0,0.0
131,131,2020-06-01,15666,256.0,-253.0,12952.0,443.0,-18.0,0.0
132,132,2020-06-02,15850,184.0,-72.0,13375.0,423.0,-20.0,0.0
133,133,2020-06-03,16134,284.0,100.0,13787.0,412.0,-11.0,0.0
134,134,2020-06-04,16393,259.0,-25.0,14191.0,404.0,-8.0,0.0
135,135,2020-06-05,16834,441.0,182.0,14587.0,396.0,-8.0,0.0
136,136,2020-06-06,17178,344.0,-97.0,14966.0,379.0,-17.0,0.0
137,137,2020-06-07,17425,247.0,-97.0,15320.0,354.0,-25.0,0.0
138,138,2020-06-08,17650,225.0,-22.0,15653.0,333.0,-21.0,0.0
139,139,2020-06-09,17859,209.0,-16.0,15966.0,313.0,-20.0,0.0
140,140,2020-06-10,18080,221.0,12.0,16277.0,311.0,-2.0,0.0
141,141,2020-06-11,18383,303.0,82.0,16588.0,311.0,0.0,0.0
142,142,2020-06-12,18645,262.0,-41.0,16886.0,298.0,-13.0,0.0
143,143,2020-06-13,18931,286.0,24.0,17174.0,288.0,-10.0,0.0
144,144,2020-06-14,19176,245.0,-41.0,17443.0,269.0,-19.0,0.0
145,145,2020-06-15,19369,193.0,-52.0,17708.0,265.0,-4.0,0.0
146,146,2020-06-16,19503,134.0,-59.0,17969.0,261.0,-4.0,0.0
147,147,2020-06-17,19706,203.0,69.0,18224.0,255.0,-6.0,0.0
148,148,2020-06-18,19924,218.0,15.0,18476.0,252.0,-3.0,0.0
149,149,2020-06-19,20155,231.0,13.0,18713.0,237.0,-15.0,0.0
150,150,2020-06-20,20416,261.0,30.0,18944.0,231.0,-6.0,0.0
151,151,2020-06-21,20694,278.0,17.0,19178.0,234.0,3.0,0.0
152,152,2020-06-22,20905,211.0,-67.0,19410.0,232.0,-2.0,0.0
153,153,2020-06-23,21056,151.0,-60.0,19639.0,229.0,-3.0,0.0
154,154,2020-06-24,21228,172.0,21.0,19864.0,225.0,-4.0,0.0
155,155,2020-06-25,21468,240.0,68.0,20084.0,220.0,-5.0,0.0
156,156,2020-06-26,21747,279.0,39.0,20306.0,222.0,2.0,0.0
157,157,2020-06-27,22006,259.0,-20.0,20525.0,219.0,-3.0,0.0
158,158,2020-06-28,22306,300.0,41.0,20749.0,224.0,5.0,0.0
159,159,2020-06-29,22492,186.0,-114.0,20972.0,223.0,-1.0,0.0
160,160,2020-06-30,22764,272.0,86.0,21205.0,233.0,10.0,0.0
161,161,2020-07-01,23002,238.0,-34.0,21440.0,235.0,2.0,0.0
162,162,2020-07-02,23321,319.0,81.0,21683.0,243.0,8.0,0.0
163,163,2020-07-03,23554,233.0,-86.0,21926.0,243.0,0.0,0.0
164,164,2020-07-04,23554,0.0,-233.0,22150.0,224.0,-19.0,0.0
165,165,2020-07-05,23887,333.0,333.0,22378.0,228.0,4.0,0.0
166,166,2020-07-06,24219,332.0,-1.0,22615.0,237.0,9.0,0.0
167,167,2020-07-07,24541,322.0,-10.0,22864.0,249.0,12.0,0.0
168,168,2020-07-08,24851,310.0,-12.0,23122.0,258.0,9.0,0.0
169,169,2020-07-09,25211,360.0,50.0,23390.0,268.0,10.0,0.0
170,170,2020-07-10,25604,393.0,33.0,23665.0,275.0,7.0,0.0
171,171,2020-07-11,26127,523.0,130.0,23960.0,295.0,20.0,0.0
172,172,2020-07-12,26617,490.0,-33.0,24267.0,307.0,12.0,0.0
173,173,2020-07-13,26926,309.0,-181.0,24584.0,317.0,10.0,0.0
174,174,2020-07-14,27161,235.0,-74.0,24898.0,314.0,-3.0,0.0
175,175,2020-07-15,27522,361.0,126.0,25221.0,323.0,9.0,0.0
176,176,2020-07-16,27908,386.0,25.0,25549.0,328.0,5.0,0.0
177,177,2020-07-17,28330,422.0,36.0,25890.0,341.0,13.0,0.0
178,178,2020-07-18,28620,290.0,-132.0,26252.0,362.0,21.0,0.0
179,179,2020-07-19,29161,541.0,251.0,26628.0,376.0,14.0,0.0
180,180,2020-07-20,29346,185.0,-356.0,26995.0,367.0,-9.0,0.0
181,181,2020-07-21,29997,651.0,466.0,27384.0,389.0,22.0,0.0
182,182,2020-07-22,30371,374.0,-277.0,27779.0,395.0,6.0,0.0
183,183,2020-07-23,30917,546.0,172.0,28186.0,407.0,12.0,0.0
184,184,2020-07-24,31462,545.0,-1.0,28605.0,419.0,12.0,1.0
185,185,2020-07-25,31985,523.0,-22.0,29023.0,418.0,-1.0,1.0
186,186,2020-07-26,32565,580.0,57.0,29448.0,425.0,7.0,1.0
187,187,2020-07-27,33022,457.0,-123.0,29883.0,435.0,10.0,1.0
188,188,2020-07-28,33358,336.0,-121.0,30326.0,443.0,8.0,1.0
189,189,2020-07-29,33889,531.0,195.0,30781.0,455.0,12.0,1.0
190,190,2020-07-30,34386,497.0,-34.0,31244.0,463.0,8.0,1.0
191,191,2020-07-31,34901,515.0,18.0,31713.0,469.0,6.0,1.0
192,192,2020-08-01,35389,488.0,-27.0,32196.0,483.0,14.0,1.0
193,193,2020-08-02,35936,547.0,59.0,32680.0,484.0,1.0,1.0
194,194,2020-08-03,36395,459.0,-88.0,33184.0,504.0,20.0,1.0
195,195,2020-08-04,36843,448.0,-11.0,33673.0,489.0,-15.0,1.0
196,196,2020-08-05,37313,470.0,22.0,34169.0,496.0,7.0,1.0
197,197,2020-08-06,37881,568.0,98.0,34666.0,497.0,1.0,1.0
198,198,2020-08-07,38253,372.0,-196.0,35151.0,485.0,-12.0,1.0
199,199,2020-08-08,38903,650.0,278.0,35645.0,494.0,9.0,1.0
200,200,2020-08-09,39488,585.0,-65.0,36140.0,495.0,1.0,1.0
201,201,2020-08-10,39951,463.0,-122.0,36635.0,495.0,0.0,1.0
202,202,2020-08-11,40176,225.0,-238.0,37122.0,487.0,-8.0,1.0
203,203,2020-08-12,40492,316.0,91.0,37593.0,471.0,-16.0,1.0
204,204,2020-08-13,40911,419.0,103.0,38059.0,466.0,-5.0,1.0
205,205,2020-08-14,41367,456.0,37.0,38521.0,462.0,-4.0,1.0
206,206,2020-08-15,41838,471.0,15.0,38982.0,461.0,-1.0,1.0
207,207,2020-08-16,42371,533.0,62.0,39442.0,460.0,-1.0,1.0
208,208,2020-08-17,42792,421.0,-112.0,39898.0,456.0,-4.0,1.0
209,209,2020-08-18,43036,244.0,-177.0,40341.0,443.0,-13.0,1.0
210,210,2020-08-19,43411,375.0,131.0,40776.0,435.0,-8.0,1.0
211,211,2020-08-20,43838,427.0,52.0,41202.0,426.0,-9.0,1.0
212,212,2020-08-21,44354,516.0,89.0,41638.0,436.0,10.0,1.0
213,213,2020-08-22,44830,476.0,-40.0,42061.0,423.0,-13.0,1.0
214,214,2020-08-23,45343,513.0,37.0,42479.0,418.0,-5.0,1.0
215,215,2020-08-24,45809,466.0,-47.0,42898.0,419.0,1.0,1.0
216,216,2020-08-25,46039,230.0,-236.0,43316.0,418.0,-1.0,1.0
217,217,2020-08-26,46365,326.0,96.0,43736.0,420.0,2.0,1.0
218,218,2020-08-27,47070,705.0,379.0,44176.0,440.0,20.0,1.0
219,219,2020-08-28,47611,541.0,-164.0,44622.0,446.0,6.0,1.0
220,220,2020-08-29,48184,573.0,32.0,45075.0,453.0,7.0,1.0
221,221,2020-08-30,48731,547.0,-26.0,45530.0,455.0,2.0,1.0
222,222,2020-08-31,49143,412.0,-135.0,45983.0,453.0,-2.0,1.0
223,223,2020-09-01,49359,216.0,-196.0,46435.0,452.0,-1.0,1.0
224,224,2020-09-02,49862,503.0,287.0,46896.0,461.0,9.0,1.0
225,225,2020-09-03,50444,582.0,79.0,47367.0,471.0,10.0,1.0
226,226,2020-09-04,50994,550.0,-32.0,47842.0,475.0,4.0,1.0
227,227,2020-09-05,51514,520.0,-30.0,48319.0,477.0,2.0,1.0
228,228,2020-09-06,51872,358.0,-162.0,48786.0,467.0,-10.0,1.0
229,229,2020-09-07,52238,366.0,8.0,49245.0,459.0,-8.0,1.0
230,230,2020-09-08,52454,216.0,-150.0,49703.0,458.0,-1.0,1.0
231,231,2020-09-09,52573,119.0,-97.0,50146.0,443.0,-15.0,1.0
232,232,2020-09-10,52744,171.0,52.0,50552.0,406.0,-37.0,1.0
233,233,2020-09-11,52960,216.0,45.0,50934.0,382.0,-24.0,1.0
234,234,2020-09-12,53455,495.0,279.0,51310.0,376.0,-6.0,1.0
235,235,2020-09-13,53851,396.0,-99.0,51676.0,366.0,-10.0,1.0
236,236,2020-09-14,54247,396.0,0.0,52040.0,364.0,-2.0,1.0
237,237,2020-09-15,54451,204.0,-192.0,52404.0,364.0,0.0,1.0
238,238,2020-09-16,54640,189.0,-15.0,52746.0,342.0,-22.0,1.0
239,239,2020-09-17,55091,451.0,262.0,53077.0,331.0,-11.0,1.0
240,240,2020-09-18,55571,480.0,29.0,53404.0,327.0,-4.0,1.0
241,241,2020-09-19,55992,421.0,-59.0,53724.0,320.0,-7.0,1.0
242,242,2020-09-20,56577,585.0,164.0,54060.0,336.0,16.0,1.0
243,243,2020-09-21,57071,494.0,-91.0,54406.0,346.0,10.0,1.0
244,244,2020-09-22,57293,222.0,-272.0,54751.0,345.0,-1.0,1.0
245,245,2020-09-23,57563,270.0,48.0,55108.0,357.0,12.0,1.0
246,246,2020-09-24,58011,448.0,178.0,55484.0,376.0,19.0,1.0
247,247,2020-09-25,58578,567.0,119.0,55885.0,401.0,25.0,1.0
248,248,2020-09-26,59279,701.0,134.0,56301.0,416.0,15.0,1.0
249,249,2020-09-27,59802,523.0,-178.0,56726.0,425.0,9.0,1.0
250,250,2020-09-28,60278,476.0,-47.0,57157.0,431.0,6.0,1.0
251,251,2020-09-29,60709,431.0,-45.0,57604.0,447.0,16.0,1.0
252,252,2020-09-30,61068,359.0,-72.0,58063.0,459.0,12.0,1.0
253,253,2020-10-01,61454,386.0,27.0,58518.0,455.0,-4.0,1.0
254,254,2020-10-02,62037,583.0,197.0,58979.0,461.0,6.0,1.0
255,255,2020-10-03,62719,682.0,99.0,59460.0,481.0,20.0,1.0
256,256,2020-10-04,63192,473.0,-209.0,59932.0,472.0,-9.0,1.0
257,257,2020-10-05,63702,510.0,37.0,60406.0,474.0,2.0,1.0
258,258,2020-10-06,64237,535.0,25.0,60902.0,496.0,22.0,1.0
259,259,2020-10-07,64657,420.0,-115.0,61409.0,507.0,11.0,1.0
260,260,2020-10-08,65160,503.0,83.0,61919.0,510.0,3.0,1.0
261,261,2020-10-09,65818,658.0,155.0,62437.0,518.0,8.0,1.0
262,262,2020-10-10,66582,764.0,106.0,62958.0,521.0,3.0,1.0
263,263,2020-10-11,67323,741.0,-23.0,63495.0,537.0,16.0,1.0
264,264,2020-10-12,68027,704.0,-37.0,64049.0,554.0,17.0,1.0
265,265,2020-10-13,68689,662.0,-42.0,64619.0,570.0,16.0,1.0
266,266,2020-10-14,69279,590.0,-72.0,65205.0,586.0,16.0,1.0
267,267,2020-10-15,69874,595.0,5.0,65807.0,602.0,16.0,1.0
268,268,2020-10-16,70684,810.0,215.0,66424.0,617.0,15.0,1.0
269,269,2020-10-17,71460,776.0,-34.0,67049.0,625.0,8.0,1.0
270,270,2020-10-18,72350,890.0,114.0,67703.0,654.0,29.0,1.0
271,271,2020-10-19,73161,811.0,-79.0,68379.0,676.0,22.0,1.0
272,272,2020-10-20,73670,509.0,-302.0,69052.0,673.0,-3.0,1.0
273,273,2020-10-21,74151,481.0,-28.0,69731.0,679.0,6.0,1.0
274,274,2020-10-22,74812,661.0,180.0,70420.0,689.0,10.0,1.0
275,275,2020-10-23,75552,740.0,79.0,71115.0,695.0,6.0,1.0
276,276,2020-10-24,76811,1259.0,519.0,71846.0,731.0,36.0,1.0
277,277,2020-10-25,77693,882.0,-377.0,72587.0,741.0,10.0,1.0
278,278,2020-10-26,78462,769.0,-113.0,73332.0,745.0,4.0,1.0
279,279,2020-10-27,79497,1035.0,266.0,74104.0,772.0,27.0,1.0
280,280,2020-10-28,80400,903.0,-132.0,74898.0,794.0,22.0,1.0
281,281,2020-10-29,81679,1279.0,376.0,75742.0,844.0,50.0,1.0
282,282,2020-10-30,83157,1478.0,199.0,76632.0,890.0,46.0,1.0
283,283,2020-10-31,84698,1541.0,63.0,77578.0,946.0,56.0,1.0
284,284,2020-11-01,85695,997.0,-544.0,78531.0,953.0,7.0,1.0
285,285,2020-11-02,87259,1564.0,567.0,79538.0,1007.0,54.0,1.0
286,286,2020-11-03,89232,1973.0,409.0,80650.0,1112.0,105.0,1.0
287,287,2020-11-04,91035,1803.0,-170.0,81856.0,1206.0,94.0,1.0
288,288,2020-11-05,93040,2005.0,202.0,83158.0,1302.0,96.0,1.0
289,289,2020-11-06,95473,2433.0,428.0,84581.0,1423.0,121.0,1.0
290,290,2020-11-07,97751,2278.0,-155.0,86076.0,1495.0,72.0,1.0
291,291,2020-11-08,101009,3258.0,980.0,87742.0,1666.0,171.0,1.0
292,292,2020-11-09,103300,2291.0,-967.0,89516.0,1774.0,108.0,1.0
293,293,2020-11-10,106081,2781.0,490.0,91415.0,1899.0,125.0,1.0
294,294,2020-11-11,108317,2236.0,-545.0,93409.0,1994.0,95.0,1.0
295,295,2020-11-12,111766,3449.0,1213.0,95558.0,2149.0,155.0,1.0
296,296,2020-11-13,114608,2842.0,-607.0,97805.0,2247.0,98.0,1.0
297,297,2020-11-14,119184,4576.0,1734.0,100268.0,2463.0,216.0,1.0
298,298,2020-11-15,122365,3181.0,-1395.0,102887.0,2619.0,156.0,1.0
299,299,2020-11-16,126077,3712.0,531.0,105660.0,2773.0,154.0,1.0
300,300,2020-11-17,128868,2791.0,-921.0,108491.0,2831.0,58.0,1.0
301,301,2020-11-18,131368,2500.0,-291.0,111372.0,2881.0,50.0,1.0
302,302,2020-11-19,134722,3354.0,854.0,114349.0,2977.0,96.0,1.0
303,303,2020-11-20,137781,3059.0,-295.0,117371.0,3022.0,45.0,1.0
304,304,2020-11-21,140868,3087.0,28.0,120451.0,3080.0,58.0,1.0
305,305,2020-11-22,144083,3215.0,128.0,123528.0,3077.0,-3.0,1.0
306,306,2020-11-23,147103,3020.0,-195.0,126656.0,3128.0,51.0,1.0
307,307,2020-11-24,150391,3288.0,268.0,129822.0,3166.0,38.0,1.0
308,308,2020-11-25,153387,2996.0,-292.0,133041.0,3219.0,53.0,1.0
309,309,2020-11-26,153387,0.0,-2996.0,136014.0,2973.0,-246.0,1.0
310,310,2020-11-27,155682,2295.0,2295.0,138948.0,2934.0,-39.0,1.0
311,311,2020-11-28,160284,4602.0,2307.0,141883.0,2935.0,1.0,1.0
312,312,2020-11-29,165297,5013.0,411.0,144950.0,3067.0,132.0,1.0
313,313,2020-11-30,168255,2958.0,-2055.0,147963.0,3013.0,-54.0,1.0
314,314,2020-12-01,169892,1637.0,-1321.0,150893.0,2930.0,-83.0,1.0
315,315,2020-12-02,172557,2665.0,1028.0,153835.0,2942.0,12.0,1.0
316,316,2020-12-03,175558,3001.0,336.0,156752.0,2917.0,-25.0,1.0
317,317,2020-12-04,178323,2765.0,-236.0,159648.0,2896.0,-21.0,1.0
318,318,2020-12-05,181366,3043.0,278.0,162540.0,2892.0,-4.0,1.0
319,319,2020-12-06,184379,3013.0,-30.0,165419.0,2879.0,-13.0,1.0
320,320,2020-12-07,187513,3134.0,121.0,168305.0,2886.0,7.0,1.0
321,321,2020-12-08,189204,1691.0,-1443.0,171077.0,2772.0,-114.0,1.0
322,322,2020-12-09,191682,2478.0,787.0,173813.0,2736.0,-36.0,1.0
323,323,2020-12-10,193297,1615.0,-863.0,176664.0,2851.0,115.0,1.0
324,324,2020-12-11,195200,1903.0,288.0,179486.0,2822.0,-29.0,1.0
325,325,2020-12-12,197517,2317.0,414.0,182146.0,2660.0,-162.0,1.0
326,326,2020-12-13,199335,1818.0,-499.0,184577.0,2431.0,-229.0,1.0
327,327,2020-12-14,201018,1683.0,-135.0,186917.0,2340.0,-91.0,1.0
328,328,2020-12-15,202496,1478.0,-205.0,189246.0,2329.0,-11.0,1.0
329,329,2020-12-16,203651,1155.0,-323.0,191467.0,2221.0,-108.0,1.0
330,330,2020-12-17,205022,1371.0,216.0,193572.0,2105.0,-116.0,1.0
331,331,2020-12-18,206278,1256.0,-115.0,195568.0,1996.0,-109.0,1.0
332,332,2020-12-19,207679,1401.0,145.0,197448.0,1880.0,-116.0,1.0
333,333,2020-12-20,209150,1471.0,70.0,199217.0,1769.0,-111.0,1.0
334,334,2020-12-21,210227,1077.0,-394.0,200840.0,1623.0,-146.0,1.0
335,335,2020-12-22,211270,1043.0,-34.0,202416.0,1576.0,-47.0,1.0
336,336,2020-12-23,212081,811.0,-232.0,203873.0,1457.0,-119.0,1.0
337,337,2020-12-24,212966,885.0,74.0,205278.0,1405.0,-52.0,1.0
338,338,2020-12-25,212966,0.0,-885.0,206547.0,1269.0,-136.0,1.0
339,339,2020-12-26,214013,1047.0,1047.0,207725.0,1178.0,-91.0,1.0
340,340,2020-12-27,215486,1473.0,426.0,208879.0,1154.0,-24.0,1.0
341,341,2020-12-28,216051,565.0,-908.0,209953.0,1074.0,-80.0,1.0
342,342,2020-12-29,216469,418.0,-147.0,210951.0,998.0,-76.0,1.0
343,343,2020-12-30,217494,1025.0,607.0,211939.0,988.0,-10.0,1.0
344,344,2020-12-31,218569,1075.0,50.0,212907.0,968.0,-20.0,1.0
345,345,2021-01-01,218569,0.0,-1075.0,213785.0,878.0,-90.0,1.0
346,346,2021-01-02,219890,1321.0,1321.0,214657.0,872.0,-6.0,1.0
347,347,2021-01-03,221503,1613.0,292.0,215540.0,883.0,11.0,1.0
348,348,2021-01-04,223187,1684.0,71.0,216465.0,925.0,42.0,1.0
349,349,2021-01-05,224015,828.0,-856.0,217376.0,911.0,-14.0,1.0
350,350,2021-01-06,225274,1259.0,431.0,218318.0,942.0,31.0,1.0
351,351,2021-01-07,226283,1009.0,-250.0,219269.0,951.0,9.0,1.0
352,352,2021-01-08,227602,1319.0,310.0,220315.0,1046.0,95.0,1.0
353,353,2021-01-09,228983,1381.0,62.0,221384.0,1069.0,23.0,1.0
354,354,2021-01-10,230314,1331.0,-50.0,222443.0,1059.0,-10.0,1.0
355,355,2021-01-11,230900,586.0,-745.0,223504.0,1061.0,2.0,1.0
356,356,2021-01-12,231500,600.0,14.0,224577.0,1073.0,12.0,1.0
357,357,2021-01-13,232229,729.0,129.0,225630.0,1053.0,-20.0,1.0
358,358,2021-01-14,232932,703.0,-26.0,226656.0,1026.0,-27.0,1.0
359,359,2021-01-15,233769,837.0,134.0,227742.0,1086.0,60.0,1.0
360,360,2021-01-16,234610,841.0,4.0,228793.0,1051.0,-35.0,1.0
361,361,2021-01-17,235227,617.0,-224.0,229773.0,980.0,-71.0,1.0
362,362,2021-01-18,235709,482.0,-135.0,230668.0,895.0,-85.0,1.0
363,363,2021-01-19,236254,545.0,63.0,231542.0,874.0,-21.0,1.0
364,364,2021-01-20,236835,581.0,36.0,232368.0,826.0,-48.0,1.0
365,365,2021-01-21,237392,557.0,-24.0,233161.0,793.0,-33.0,1.0
366,366,2021-01-22,238184,792.0,235.0,233917.0,756.0,-37.0,1.0
367,367,2021-01-23,239025,841.0,49.0,234634.0,717.0,-39.0,1.0
368,368,2021-01-24,239653,628.0,-213.0,235301.0,667.0,-50.0,1.0
369,369,2021-01-25,240109,456.0,-172.0,235959.0,658.0,-9.0,1.0
370,370,2021-01-26,240516,407.0,-49.0,236603.0,644.0,-14.0,1.0
371,371,2021-01-27,240956,440.0,33.0,237226.0,623.0,-21.0,1.0
372,372,2021-01-28,241640,684.0,244.0,237848.0,622.0,-1.0,1.0
373,373,2021-01-29,242329,689.0,5.0,238460.0,612.0,-10.0,1.0
374,374,2021-01-30,242851,522.0,-167.0,239049.0,589.0,-23.0,1.0
375,375,2021-01-31,243420,569.0,47.0,239634.0,585.0,-4.0,1.0
376,376,2021-02-01,243863,443.0,-126.0,240216.0,582.0,-3.0,1.0
377,377,2021-02-02,244221,358.0,-85.0,240785.0,569.0,-13.0,1.0
378,378,2021-02-03,244591,370.0,12.0,241339.0,554.0,-15.0,1.0
379,379,2021-02-04,245343,752.0,382.0,241907.0,568.0,14.0,1.0
380,380,2021-02-05,245895,552.0,-200.0,242458.0,551.0,-17.0,1.0
381,381,2021-02-06,246456,561.0,9.0,242989.0,531.0,-20.0,1.0
382,382,2021-02-07,246964,508.0,-53.0,243511.0,522.0,-9.0,1.0
383,383,2021-02-08,247278,314.0,-194.0,244023.0,512.0,-10.0,1.0
384,384,2021-02-09,247570,292.0,-22.0,244527.0,504.0,-8.0,1.0
385,385,2021-02-10,247892,322.0,30.0,245022.0,495.0,-9.0,1.0
386,386,2021-02-11,248341,449.0,127.0,245501.0,479.0,-16.0,1.0
387,387,2021-02-12,248926,585.0,136.0,245972.0,471.0,-8.0,1.0
388,388,2021-02-13,249428,502.0,-83.0,246442.0,470.0,-1.0,1.0
389,389,2021-02-14,249868,440.0,-62.0,246903.0,461.0,-9.0,1.0
390,390,2021-02-15,250208,340.0,-100.0,247356.0,453.0,-8.0,1.0
391,391,2021-02-16,250472,264.0,-76.0,247802.0,446.0,-7.0,1.0
392,392,2021-02-17,250840,368.0,104.0,248249.0,447.0,1.0,1.0
393,393,2021-02-18,251345,505.0,137.0,248677.0,428.0,-19.0,1.0
394,394,2021-02-19,251885,540.0,35.0,249105.0,428.0,0.0,1.0
395,395,2021-02-20,252387,502.0,-38.0,249529.0,424.0,-4.0,1.0
396,396,2021-02-21,252834,447.0,-55.0,249948.0,419.0,-5.0,1.0
397,397,2021-02-22,253134,300.0,-147.0,250366.0,418.0,-1.0,1.0
398,398,2021-02-23,253431,297.0,-3.0,250785.0,419.0,1.0,1.0
399,399,2021-02-24,253854,423.0,126.0,251211.0,426.0,7.0,1.0
400,400,2021-02-25,254426,572.0,149.0,251646.0,435.0,9.0,1.0
401,401,2021-02-26,255031,605.0,33.0,252082.0,436.0,1.0,1.0
402,402,2021-02-27,255462,431.0,-174.0,252513.0,431.0,-5.0,1.0
403,403,2021-02-28,255901,439.0,8.0,252944.0,431.0,0.0,1.0
404,404,2021-03-01,256303,402.0,-37.0,253379.0,435.0,4.0,1.0
405,405,2021-03-02,256554,251.0,-151.0,253813.0,434.0,-1.0,1.0
406,406,2021-03-03,256973,419.0,168.0,254251.0,438.0,4.0,1.0
407,407,2021-03-04,257499,526.0,107.0,254691.0,440.0,2.0,1.0
408,408,2021-03-05,257927,428.0,-98.0,255123.0,432.0,-8.0,1.0
409,409,2021-03-06,258419,492.0,64.0,255553.0,430.0,-2.0,1.0
410,410,2021-03-07,258930,511.0,19.0,255989.0,436.0,6.0,1.0
411,411,2021-03-08,259187,257.0,-254.0,256421.0,432.0,-4.0,1.0
412,412,2021-03-09,259985,798.0,541.0,256889.0,468.0,36.0,1.0
413,413,2021-03-10,260436,451.0,-347.0,257360.0,471.0,3.0,1.0
414,414,2021-03-11,261028,592.0,141.0,257831.0,471.0,0.0,1.0
415,415,2021-03-12,261604,576.0,-16.0,258301.0,470.0,-1.0,1.0
416,416,2021-03-13,262289,685.0,109.0,258788.0,487.0,17.0,1.0
417,417,2021-03-14,262800,511.0,-174.0,259281.0,493.0,6.0,1.0
418,418,2021-03-15,263253,453.0,-58.0,259777.0,496.0,3.0,1.0
419,419,2021-03-16,263642,389.0,-64.0,260284.0,507.0,11.0,1.0
420,420,2021-03-17,264199,557.0,168.0,260800.0,516.0,9.0,1.0
421,421,2021-03-18,265041,842.0,285.0,261339.0,539.0,23.0,1.0
422,422,2021-03-19,265775,734.0,-108.0,261899.0,560.0,21.0,1.0
423,423,2021-03-20,266531,756.0,22.0,262479.0,580.0,20.0,1.0
424,424,2021-03-21,267004,473.0,-283.0,263055.0,576.0,-4.0,1.0
425,425,2021-03-22,267684,680.0,207.0,263662.0,607.0,31.0,1.0
426,426,2021-03-23,268160,476.0,-204.0,264246.0,584.0,-23.0,1.0
427,427,2021-03-24,268876,716.0,240.0,264849.0,603.0,19.0,1.0
428,428,2021-03-25,269922,1046.0,330.0,265484.0,635.0,32.0,1.0
429,429,2021-03-26,270792,870.0,-176.0,266141.0,657.0,22.0,1.0
430,430,2021-03-27,271721,929.0,59.0,266814.0,673.0,16.0,1.0
431,431,2021-03-28,272362,641.0,-288.0,267497.0,683.0,10.0,1.0
432,432,2021-03-29,273263,901.0,260.0,268212.0,715.0,32.0,1.0
433,433,2021-03-30,274022,759.0,-142.0,268954.0,742.0,27.0,1.0
434,434,2021-03-31,274942,920.0,161.0,269721.0,767.0,25.0,1.0
435,435,2021-04-01,276048,1106.0,186.0,270507.0,786.0,19.0,1.0
436,436,2021-04-02,277576,1528.0,422.0,271350.0,843.0,57.0,1.0
437,437,2021-04-03,278724,1148.0,-380.0,272221.0,871.0,28.0,1.0
438,438,2021-04-04,278724,0.0,-1148.0,273058.0,837.0,-34.0,1.0
439,439,2021-04-05,279478,754.0,754.0,273901.0,843.0,6.0,1.0
440,440,2021-04-06,281277,1799.0,1045.0,274838.0,937.0,94.0,1.0
441,441,2021-04-07,282457,1180.0,-619.0,275808.0,970.0,33.0,1.0
442,442,2021-04-08,283911,1454.0,274.0,276807.0,999.0,29.0,1.0
443,443,2021-04-09,285339,1428.0,-26.0,277846.0,1039.0,40.0,1.0
444,444,2021-04-10,286722,1383.0,-45.0,278918.0,1072.0,33.0,1.0
445,445,2021-04-11,287720,998.0,-385.0,280014.0,1096.0,24.0,1.0
446,446,2021-04-12,288951,1231.0,233.0,281135.0,1121.0,25.0,1.0
447,447,2021-04-13,289682,731.0,-500.0,282254.0,1119.0,-2.0,1.0
448,448,2021-04-14,290632,950.0,219.0,283374.0,1120.0,1.0,1.0
449,449,2021-04-15,292191,1559.0,609.0,284527.0,1153.0,33.0,1.0
450,450,2021-04-16,293423,1232.0,-327.0,285659.0,1132.0,-21.0,1.0
451,451,2021-04-17,294838,1415.0,183.0,286810.0,1151.0,19.0,1.0
452,452,2021-04-18,295882,1044.0,-371.0,288036.0,1226.0,75.0,1.0
453,453,2021-04-19,296653,771.0,-273.0,289263.0,1227.0,1.0,1.0
454,454,2021-04-20,297368,715.0,-56.0,290412.0,1149.0,-78.0,1.0
455,455,2021-04-21,298239,871.0,156.0,291539.0,1127.0,-22.0,1.0
456,456,2021-04-22,299371,1132.0,261.0,292644.0,1105.0,-22.0,1.0
457,457,2021-04-23,300598,1227.0,95.0,293734.0,1090.0,-15.0,1.0
458,458,2021-04-24,301784,1186.0,-41.0,294809.0,1075.0,-15.0,1.0
459,459,2021-04-25,302619,835.0,-351.0,295874.0,1065.0,-10.0,1.0
460,460,2021-04-26,303337,718.0,-117.0,296901.0,1027.0,-38.0,1.0
461,461,2021-04-27,303909,572.0,-146.0,297917.0,1016.0,-11.0,1.0
462,462,2021-04-28,304779,870.0,298.0,298928.0,1011.0,-5.0,1.0
463,463,2021-04-29,305837,1058.0,188.0,299903.0,975.0,-36.0,1.0
464,464,2021-04-30,306766,929.0,-129.0,300856.0,953.0,-22.0,1.0
465,465,2021-05-01,307760,994.0,65.0,301779.0,923.0,-30.0,1.0
466,466,2021-05-02,308732,972.0,-22.0,302697.0,918.0,-5.0,1.0
467,467,2021-05-03,309392,660.0,-312.0,303606.0,909.0,-9.0,1.0
468,468,2021-05-04,309971,579.0,-81.0,304507.0,901.0,-8.0,1.0
469,469,2021-05-05,310642,671.0,92.0,305393.0,886.0,-15.0,1.0
470,470,2021-05-06,311542,900.0,229.0,306262.0,869.0,-17.0,1.0
471,471,2021-05-07,312385,843.0,-57.0,307104.0,842.0,-27.0,1.0
472,472,2021-05-08,313141,756.0,-87.0,307915.0,811.0,-31.0,1.0
473,473,2021-05-09,313562,421.0,-335.0,308697.0,782.0,-29.0,1.0
474,474,2021-05-10,314309,747.0,326.0,309480.0,783.0,1.0,1.0
475,475,2021-05-11,314621,312.0,-435.0,310246.0,766.0,-17.0,1.0
476,476,2021-05-12,315083,462.0,150.0,310982.0,736.0,-30.0,1.0
477,477,2021-05-13,315602,519.0,57.0,311679.0,697.0,-39.0,1.0
478,478,2021-05-14,316317,715.0,196.0,312361.0,682.0,-15.0,1.0
479,479,2021-05-15,316772,455.0,-260.0,313005.0,644.0,-38.0,0.0
480,480,2021-05-16,317198,426.0,-29.0,313610.0,605.0,-39.0,0.0
481,481,2021-05-17,317507,309.0,-117.0,314189.0,579.0,-26.0,0.0
482,482,2021-05-18,317772,265.0,-44.0,314747.0,558.0,-21.0,0.0
483,483,2021-05-19,318094,322.0,57.0,315279.0,532.0,-26.0,0.0
484,484,2021-05-20,318576,482.0,160.0,315781.0,502.0,-30.0,0.0
485,485,2021-05-21,318902,326.0,-156.0,316247.0,466.0,-36.0,0.0
486,486,2021-05-22,319222,320.0,-6.0,316681.0,434.0,-32.0,0.0
487,487,2021-05-23,319438,216.0,-104.0,317101.0,420.0,-14.0,0.0
488,488,2021-05-24,319721,283.0,67.0,317488.0,387.0,-33.0,0.0
489,489,2021-05-25,319857,136.0,-147.0,317862.0,374.0,-13.0,0.0
490,490,2021-05-26,320099,242.0,106.0,318220.0,358.0,-16.0,0.0
491,491,2021-05-27,320372,273.0,31.0,318560.0,340.0,-18.0,0.0
492,492,2021-05-28,320576,204.0,-69.0,318865.0,305.0,-35.0,0.0
493,493,2021-05-29,320753,177.0,-27.0,319149.0,284.0,-21.0,0.0
494,494,2021-05-30,320911,158.0,-19.0,319414.0,265.0,-19.0,0.0
495,495,2021-05-31,320911,0.0,-158.0,319657.0,243.0,-22.0,0.0
496,496,2021-06-01,320976,65.0,65.0,319886.0,229.0,-14.0,0.0
497,497,2021-06-02,321068,92.0,27.0,320099.0,213.0,-16.0,0.0
498,498,2021-06-03,321195,127.0,35.0,320286.0,187.0,-26.0,0.0
499,499,2021-06-04,321331,136.0,9.0,320459.0,173.0,-14.0,0.0
500,500,2021-06-05,321486,155.0,19.0,320621.0,162.0,-11.0,0.0
501,501,2021-06-06,321634,148.0,-7.0,320778.0,157.0,-5.0,0.0
502,502,2021-06-07,321745,111.0,-37.0,320922.0,144.0,-13.0,0.0
503,503,2021-06-08,321812,67.0,-44.0,321062.0,140.0,-4.0,0.0
504,504,2021-06-09,321914,102.0,35.0,321192.0,130.0,-10.0,0.0
505,505,2021-06-10,321992,78.0,-24.0,321307.0,115.0,-15.0,0.0
506,506,2021-06-11,322073,81.0,3.0,321414.0,107.0,-8.0,0.0
507,507,2021-06-12,322165,92.0,11.0,321515.0,101.0,-6.0,0.0
508,508,2021-06-13,322252,87.0,-5.0,321611.0,96.0,-5.0,0.0
509,509,2021-06-14,322312,60.0,-27.0,321711.0,100.0,4.0,0.0
510,510,2021-06-15,322369,57.0,-3.0,321811.0,100.0,0.0,0.0
511,511,2021-06-16,322414,45.0,-12.0,321907.0,96.0,-4.0,0.0
512,512,2021-06-17,322521,107.0,62.0,322001.0,94.0,-2.0,0.0
513,513,2021-06-18,322593,72.0,-35.0,322092.0,91.0,-3.0,0.0
514,514,2021-06-19,322670,77.0,5.0,322176.0,84.0,-7.0,0.0
515,515,2021-06-20,322747,77.0,0.0,322256.0,80.0,-4.0,0.0
516,516,2021-06-21,322800,53.0,-24.0,322331.0,75.0,-5.0,0.0
517,517,2021-06-22,322839,39.0,-14.0,322404.0,73.0,-2.0,0.0
518,518,2021-06-23,322880,41.0,2.0,322473.0,69.0,-4.0,0.0
519,519,2021-06-24,322938,58.0,17.0,322541.0,68.0,-1.0,0.0
520,520,2021-06-25,322995,57.0,-1.0,322607.0,66.0,-2.0,0.0
521,521,2021-06-26,323034,39.0,-18.0,322669.0,62.0,-4.0,0.0
522,522,2021-06-27,323089,55.0,16.0,322729.0,60.0,-2.0,0.0
523,523,2021-06-28,323137,48.0,-7.0,322788.0,59.0,-1.0,0.0
524,524,2021-06-29,323199,62.0,14.0,322847.0,59.0,0.0,0.0
525,525,2021-06-30,323245,46.0,-16.0,322906.0,59.0,0.0,0.0
526,526,2021-07-01,323286,41.0,-5.0,322961.0,55.0,-4.0,0.0
527,527,2021-07-02,323339,53.0,12.0,323014.0,53.0,-2.0,0.0
528,528,2021-07-03,323412,73.0,20.0,323067.0,53.0,0.0,0.0
529,529,2021-07-04,323412,0.0,-73.0,323115.0,48.0,-5.0,0.0
530,530,2021-07-05,323412,0.0,0.0,323158.0,43.0,-5.0,0.0
531,531,2021-07-06,323494,82.0,82.0,323205.0,47.0,4.0,0.0
532,532,2021-07-07,323629,135.0,53.0,323259.0,54.0,7.0,0.0
533,533,2021-07-08,323705,76.0,-59.0,323313.0,54.0,0.0,0.0
534,534,2021-07-09,323794,89.0,13.0,323370.0,57.0,3.0,0.0
535,535,2021-07-10,323794,0.0,-89.0,323425.0,55.0,-2.0,0.0
536,536,2021-07-11,323794,0.0,0.0,323475.0,50.0,-5.0,0.0
537,537,2021-07-12,323923,129.0,129.0,323531.0,56.0,6.0,0.0
538,538,2021-07-13,324167,244.0,115.0,323600.0,69.0,13.0,0.0
539,539,2021-07-14,324317,150.0,-94.0,323677.0,77.0,8.0,0.0
540,540,2021-07-15,324425,108.0,-42.0,323758.0,81.0,4.0,0.0
541,541,2021-07-16,324578,153.0,45.0,323847.0,89.0,8.0,0.0
542,542,2021-07-17,324578,0.0,-153.0,323930.0,83.0,-6.0,0.0
543,543,2021-07-18,324578,0.0,0.0,324013.0,83.0,0.0,0.0
544,544,2021-07-19,324751,173.0,173.0,324109.0,96.0,13.0,0.0
545,545,2021-07-20,325145,394.0,221.0,324227.0,118.0,22.0,0.0
546,546,2021-07-21,325317,172.0,-222.0,324348.0,121.0,3.0,0.0
547,547,2021-07-22,325529,212.0,40.0,324478.0,130.0,9.0,0.0
548,548,2021-07-23,325749,220.0,8.0,324618.0,140.0,10.0,0.0
549,549,2021-07-24,325749,0.0,-220.0,324757.0,139.0,-1.0,0.0
550,550,2021-07-25,325749,0.0,0.0,324897.0,140.0,1.0,0.0
551,551,2021-07-26,326010,261.0,261.0,325046.0,149.0,9.0,0.0
552,552,2021-07-27,326656,646.0,385.0,325224.0,178.0,29.0,0.0
553,553,2021-07-28,327043,387.0,-259.0,325418.0,194.0,16.0,0.0
554,554,2021-07-29,327351,308.0,-79.0,325627.0,209.0,15.0,0.0
555,555,2021-07-30,327754,403.0,95.0,325854.0,227.0,18.0,0.0
556,556,2021-07-31,327754,0.0,-403.0,326081.0,227.0,0.0,0.0
557,557,2021-08-01,327754,0.0,0.0,326308.0,227.0,0.0,0.0
558,558,2021-08-02,328121,367.0,367.0,326549.0,241.0,14.0,0.0
559,559,2021-08-03,329091,970.0,603.0,326830.0,281.0,40.0,0.0
560,560,2021-08-04,329671,580.0,-390.0,327142.0,312.0,31.0,0.0
561,561,2021-08-05,330155,484.0,-96.0,327472.0,330.0,18.0,0.0
562,562,2021-08-06,330692,537.0,53.0,327825.0,353.0,23.0,0.0
563,563,2021-08-07,330692,0.0,-537.0,328178.0,353.0,0.0,0.0
564,564,2021-08-08,330692,0.0,0.0,328531.0,353.0,0.0,0.0
565,565,2021-08-09,331295,603.0,603.0,328909.0,378.0,25.0,0.0
566,566,2021-08-10,332165,870.0,267.0,329302.0,393.0,15.0,0.0
567,567,2021-08-11,333131,966.0,96.0,329737.0,435.0,42.0,0.0
568,568,2021-08-12,333846,715.0,-251.0,330201.0,464.0,29.0,0.0
569,569,2021-08-13,334511,665.0,-50.0,330684.0,483.0,19.0,0.0
570,570,2021-08-14,334511,0.0,-665.0,331166.0,482.0,-1.0,0.0
571,571,2021-08-15,334511,0.0,0.0,331649.0,483.0,1.0,0.0
572,572,2021-08-16,335308,797.0,797.0,332162.0,513.0,30.0,0.0
573,573,2021-08-17,336885,1577.0,780.0,332719.0,557.0,44.0,0.0
574,574,2021-08-18,337549,664.0,-913.0,333282.0,563.0,6.0,0.0
575,575,2021-08-19,338132,583.0,-81.0,333851.0,569.0,6.0,0.0
576,576,2021-08-20,338938,806.0,223.0,334440.0,589.0,20.0,0.0
577,577,2021-08-21,338938,0.0,-806.0,335029.0,589.0,0.0,0.0
578,578,2021-08-22,338938,0.0,0.0,335618.0,589.0,0.0,0.0
579,579,2021-08-23,339815,877.0,877.0,336227.0,609.0,20.0,0.0
580,580,2021-08-24,341661,1846.0,969.0,336905.0,678.0,69.0,0.0
581,581,2021-08-25,342422,761.0,-1085.0,337569.0,664.0,-14.0,0.0
582,582,2021-08-26,343331,909.0,148.0,338246.0,677.0,13.0,0.0
583,583,2021-08-27,344208,877.0,-32.0,338939.0,693.0,16.0,0.0
584,584,2021-08-28,344208,0.0,-877.0,339632.0,693.0,0.0,0.0
585,585,2021-08-29,344208,0.0,0.0,340324.0,692.0,-1.0,0.0
586,586,2021-08-30,345116,908.0,908.0,341025.0,701.0,9.0,0.0
587,587,2021-08-31,346997,1881.0,973.0,341747.0,722.0,21.0,0.0
588,588,2021-09-01,347673,676.0,-1205.0,342470.0,723.0,1.0,0.0
589,589,2021-09-02,348558,885.0,209.0,343215.0,745.0,22.0,0.0
590,590,2021-09-03,349539,981.0,96.0,343972.0,757.0,12.0,0.0
591,591,2021-09-04,349539,0.0,-981.0,344730.0,758.0,1.0,0.0
592,592,2021-09-05,349539,0.0,0.0,345487.0,757.0,-1.0,0.0
593,593,2021-09-06,349539,0.0,0.0,346181.0,694.0,-63.0,0.0
594,594,2021-09-07,350539,1000.0,1000.0,346815.0,634.0,-60.0,0.0
595,595,2021-09-08,353256,2717.0,1717.0,347589.0,774.0,140.0,0.0
596,596,2021-09-09,353857,601.0,-2116.0,348341.0,752.0,-22.0,0.0
597,597,2021-09-10,354735,878.0,277.0,349093.0,752.0,0.0,0.0
598,598,2021-09-11,354735,0.0,-878.0,349845.0,752.0,0.0,0.0
599,599,2021-09-12,354735,0.0,0.0,350597.0,752.0,0.0,0.0
600,600,2021-09-13,355897,1162.0,1162.0,351367.0,770.0,18.0,0.0
601,601,2021-09-14,358111,2214.0,1052.0,352161.0,794.0,24.0,0.0
602,602,2021-09-15,359286,1175.0,-1039.0,352990.0,829.0,35.0,0.0
603,603,2021-09-16,360260,974.0,-201.0,353826.0,836.0,7.0,0.0
604,604,2021-09-17,361396,1136.0,162.0,354673.0,847.0,11.0,0.0
605,605,2021-09-18,361396,0.0,-1136.0,355520.0,847.0,0.0,0.0
606,606,2021-09-19,361396,0.0,0.0,356367.0,847.0,0.0,0.0
607,607,2021-09-20,362513,1117.0,1117.0,357294.0,927.0,80.0,0.0
608,608,2021-09-21,365156,2643.0,1526.0,358338.0,1044.0,117.0,0.0
609,609,2021-09-22,365894,738.0,-1905.0,359240.0,902.0,-142.0,0.0
610,610,2021-09-23,366809,915.0,177.0,360166.0,926.0,24.0,0.0
611,611,2021-09-24,367901,1092.0,177.0,361106.0,940.0,14.0,0.0
612,612,2021-09-25,367901,0.0,-1092.0,362046.0,940.0,0.0,0.0
613,613,2021-09-26,367901,0.0,0.0,362987.0,941.0,1.0,0.0
614,614,2021-09-27,368975,1074.0,1074.0,363921.0,934.0,-7.0,0.0
615,615,2021-09-28,371562,2587.0,1513.0,364882.0,961.0,27.0,0.0
616,616,2021-09-29,372360,798.0,-1789.0,365816.0,934.0,-27.0,0.0
617,617,2021-09-30,373412,1052.0,254.0,366755.0,939.0,5.0,0.0
618,618,2021-10-01,374850,1438.0,386.0,367716.0,961.0,22.0,0.0
619,619,2021-10-02,374850,0.0,-1438.0,368677.0,961.0,0.0,0.0
620,620,2021-10-03,374850,0.0,0.0,369638.0,961.0,0.0,0.0
621,621,2021-10-04,376073,1223.0,1223.0,370607.0,969.0,8.0,0.0
622,622,2021-10-05,378973,2900.0,1677.0,371594.0,987.0,18.0,0.0
623,623,2021-10-06,380671,1698.0,-1202.0,372649.0,1055.0,68.0,0.0
624,624,2021-10-07,381608,937.0,-761.0,373706.0,1057.0,2.0,0.0
625,625,2021-10-08,383055,1447.0,510.0,374789.0,1083.0,26.0,0.0
626,626,2021-10-09,383055,0.0,-1447.0,375871.0,1082.0,-1.0,0.0
627,627,2021-10-10,383055,0.0,0.0,376954.0,1083.0,1.0,0.0
628,628,2021-10-11,384293,1238.0,1238.0,378048.0,1094.0,11.0,0.0
629,629,2021-10-12,387482,3189.0,1951.0,379185.0,1137.0,43.0,0.0
630,630,2021-10-13,388501,1019.0,-2170.0,380338.0,1153.0,16.0,0.0
631,631,2021-10-14,389666,1165.0,146.0,381499.0,1161.0,8.0,0.0
632,632,2021-10-15,390941,1275.0,110.0,382648.0,1149.0,-12.0,0.0
633,633,2021-10-16,390941,0.0,-1275.0,383797.0,1149.0,0.0,0.0
634,634,2021-10-17,390941,0.0,0.0,384947.0,1150.0,1.0,0.0
635,635,2021-10-18,392100,1159.0,1159.0,386092.0,1145.0,-5.0,0.0
636,636,2021-10-19,394535,2435.0,1276.0,387203.0,1111.0,-34.0,0.0
637,637,2021-10-20,395245,710.0,-1725.0,388244.0,1041.0,-70.0,0.0
638,638,2021-10-21,396292,1047.0,337.0,389293.0,1049.0,8.0,0.0
639,639,2021-10-22,397323,1031.0,-16.0,390312.0,1019.0,-30.0,0.0
640,640,2021-10-23,397323,0.0,-1031.0,391331.0,1019.0,0.0,0.0
641,641,2021-10-24,397323,0.0,0.0,392350.0,1019.0,0.0,0.0
642,642,2021-10-25,398378,1055.0,1055.0,393356.0,1006.0,-13.0,0.0
643,643,2021-10-26,401158,2780.0,1725.0,394333.0,977.0,-29.0,0.0
644,644,2021-10-27,401980,822.0,-1958.0,395296.0,963.0,-14.0,0.0
645,645,2021-10-28,402964,984.0,162.0,396246.0,950.0,-13.0,0.0
646,646,2021-10-29,404394,1430.0,446.0,397207.0,961.0,11.0,0.0
647,647,2021-10-30,404394,0.0,-1430.0,398168.0,961.0,0.0,0.0
648,648,2021-10-31,404394,0.0,0.0,399129.0,961.0,0.0,0.0
649,649,2021-11-01,409674,5280.0,5280.0,400384.0,1255.0,294.0,0.0
650,650,2021-11-02,412912,3238.0,-2042.0,401697.0,1313.0,58.0,0.0
651,651,2021-11-03,414227,1315.0,-1923.0,403053.0,1356.0,43.0,0.0
652,652,2021-11-04,415738,1511.0,196.0,404442.0,1389.0,33.0,0.0
653,653,2021-11-05,417109,1371.0,-140.0,405855.0,1413.0,24.0,0.0
654,654,2021-11-06,417109,0.0,-1371.0,407268.0,1413.0,0.0,0.0
655,655,2021-11-07,417109,0.0,0.0,408681.0,1413.0,0.0,0.0
656,656,2021-11-08,419226,2117.0,2117.0,410171.0,1490.0,77.0,0.0
657,657,2021-11-09,422717,3491.0,1374.0,411710.0,1539.0,49.0,0.0
658,658,2021-11-10,425300,2583.0,-908.0,413376.0,1666.0,127.0,0.0
659,659,2021-11-11,427682,2382.0,-201.0,415142.0,1766.0,100.0,0.0
660,660,2021-11-12,429985,2303.0,-79.0,416970.0,1828.0,62.0,0.0
661,661,2021-11-13,429985,0.0,-2303.0,418798.0,1828.0,0.0,0.0
662,662,2021-11-14,429985,0.0,0.0,420626.0,1828.0,0.0,0.0
663,663,2021-11-15,432607,2622.0,2622.0,422264.0,1638.0,-190.0,0.0
664,664,2021-11-16,438027,5420.0,2798.0,424058.0,1794.0,156.0,0.0
665,665,2021-11-17,439812,1785.0,-3635.0,425885.0,1827.0,33.0,0.0
666,666,2021-11-18,442150,2338.0,553.0,427772.0,1887.0,60.0,0.0
667,667,2021-11-19,444608,2458.0,120.0,429736.0,1964.0,77.0,0.0
668,668,2021-11-20,444608,0.0,-2458.0,431700.0,1964.0,0.0,0.0
669,669,2021-11-21,444608,0.0,0.0,433664.0,1964.0,0.0,0.0
670,670,2021-11-22,446982,2374.0,2374.0,435647.0,1983.0,19.0,0.0
671,671,2021-11-23,452687,5705.0,3331.0,437788.0,2141.0,158.0,0.0
672,672,2021-11-24,454783,2096.0,-3609.0,439894.0,2106.0,-35.0,0.0
673,673,2021-11-25,454783,0.0,-2096.0,441829.0,1935.0,-171.0,0.0
674,674,2021-11-26,456769,1986.0,1986.0,443742.0,1913.0,-22.0,0.0
675,675,2021-11-27,456769,0.0,-1986.0,445656.0,1914.0,1.0,0.0
676,676,2021-11-28,456769,0.0,0.0,447569.0,1913.0,-1.0,0.0
677,677,2021-11-29,458982,2213.0,2213.0,449453.0,1884.0,-29.0,0.0
678,678,2021-11-30,465735,6753.0,4540.0,451432.0,1979.0,95.0,0.0
679,679,2021-12-01,467694,1959.0,-4794.0,453423.0,1991.0,12.0,0.0
680,680,2021-12-02,470592,2898.0,939.0,455455.0,2032.0,41.0,0.0
681,681,2021-12-03,473636,3044.0,146.0,457528.0,2073.0,41.0,0.0
682,682,2021-12-04,473636,0.0,-3044.0,459602.0,2074.0,1.0,0.0
683,683,2021-12-05,473636,0.0,0.0,461675.0,2073.0,-1.0,0.0
684,684,2021-12-06,476843,3207.0,3207.0,463808.0,2133.0,60.0,0.0
685,685,2021-12-07,483799,6956.0,3749.0,466030.0,2222.0,89.0,0.0
686,686,2021-12-08,485475,1676.0,-5280.0,468223.0,2193.0,-29.0,0.0
687,687,2021-12-09,487464,1989.0,313.0,470557.0,2334.0,141.0,0.0
688,688,2021-12-10,489953,2489.0,500.0,472927.0,2370.0,36.0,0.0
689,689,2021-12-11,489953,0.0,-2489.0,475298.0,2371.0,1.0,0.0
690,690,2021-12-12,489953,0.0,0.0,477668.0,2370.0,-1.0,0.0
691,691,2021-12-13,491742,1789.0,1789.0,480008.0,2340.0,-30.0,0.0
692,692,2021-12-14,496794,5052.0,3263.0,482226.0,2218.0,-122.0,0.0
693,693,2021-12-15,497838,1044.0,-4008.0,484380.0,2154.0,-64.0,0.0
694,694,2021-12-16,499929,2091.0,1047.0,486475.0,2095.0,-59.0,0.0
695,695,2021-12-17,501856,1927.0,-164.0,488491.0,2016.0,-79.0,0.0
696,696,2021-12-18,501856,0.0,-1927.0,490506.0,2015.0,-1.0,0.0
697,697,2021-12-19,501856,0.0,0.0,492522.0,2016.0,1.0,0.0
698,698,2021-12-20,503704,1848.0,1848.0,494441.0,1919.0,-97.0,0.0
699,699,2021-12-21,508019,4315.0,2467.0,496171.0,1730.0,-189.0,0.0
700,700,2021-12-22,509806,1787.0,-2528.0,497909.0,1738.0,8.0,0.0
701,701,2021-12-23,511836,2030.0,243.0,499650.0,1741.0,3.0,0.0
702,702,2021-12-24,511836,0.0,-2030.0,501213.0,1563.0,-178.0,0.0
703,703,2021-12-25,511836,0.0,0.0,502776.0,1563.0,0.0,0.0
704,704,2021-12-26,511836,0.0,0.0,504339.0,1563.0,0.0,0.0
705,705,2021-12-27,514584,2748.0,2748.0,505970.0,1631.0,68.0,0.0
706,706,2021-12-28,520889,6305.0,3557.0,507692.0,1722.0,91.0,0.0
707,707,2021-12-29,524850,3961.0,-2344.0,509621.0,1929.0,207.0,0.0
708,708,2021-12-30,529756,4906.0,945.0,511751.0,2130.0,201.0,0.0
709,709,2021-12-31,529756,0.0,-4906.0,513744.0,1993.0,-137.0,0.0
710,710,2022-01-01,529756,0.0,0.0,515737.0,1993.0,0.0,0.0
711,711,2022-01-02,529756,0.0,0.0,517730.0,1993.0,0.0,0.0
712,712,2022-01-03,535150,5394.0,5394.0,519976.0,2246.0,253.0,0.0
713,713,2022-01-04,547733,12583.0,7189.0,522813.0,2837.0,591.0,0.0
714,714,2022-01-05,550538,2805.0,-9778.0,525722.0,2909.0,72.0,0.0
715,715,2022-01-06,555334,4796.0,1991.0,528829.0,3107.0,198.0,0.0
716,716,2022-01-07,560039,4705.0,-91.0,532272.0,3443.0,336.0,0.0
717,717,2022-01-08,560039,0.0,-4705.0,535715.0,3443.0,0.0,0.0
718,718,2022-01-09,560039,0.0,0.0,539158.0,3443.0,0.0,0.0
719,719,2022-01-10,567624,7585.0,7585.0,542947.0,3789.0,346.0,0.0
720,720,2022-01-11,584187,16563.0,8978.0,547468.0,4521.0,732.0,0.0
721,721,2022-01-12,589311,5124.0,-11439.0,552073.0,4605.0,84.0,0.0
722,722,2022-01-13,598833,9522.0,4398.0,557007.0,4934.0,329.0,0.0
723,723,2022-01-14,605866,7033.0,-2489.0,562443.0,5436.0,502.0,0.0
724,724,2022-01-15,605866,0.0,-7033.0,567880.0,5437.0,1.0,0.0
725,725,2022-01-16,605866,0.0,0.0,573316.0,5436.0,-1.0,0.0
726,726,2022-01-17,605866,0.0,0.0,578367.0,5051.0,-385.0,0.0
727,727,2022-01-18,612268,6402.0,6402.0,582977.0,4610.0,-441.0,0.0
728,728,2022-01-19,631201,18933.0,12531.0,588738.0,5761.0,1151.0,0.0
729,729,2022-01-20,638326,7125.0,-11808.0,594666.0,5928.0,167.0,0.0
730,730,2022-01-21,652141,13815.0,6690.0,601245.0,6579.0,651.0,0.0
731,731,2022-01-22,652141,0.0,-13815.0,607824.0,6579.0,0.0,0.0
732,732,2022-01-23,652141,0.0,0.0,614403.0,6579.0,0.0,0.0
733,733,2022-01-24,658706,6565.0,6565.0,620908.0,6505.0,-74.0,0.0
734,734,2022-01-25,673023,14317.0,7752.0,627254.0,6346.0,-159.0,0.0
735,735,2022-01-26,679877,6854.0,-7463.0,633723.0,6469.0,123.0,0.0
736,736,2022-01-27,693361,13484.0,6630.0,640475.0,6752.0,283.0,0.0
737,737,2022-01-28,698869,5508.0,-7976.0,647118.0,6643.0,-109.0,0.0
738,738,2022-01-29,698869,0.0,-5508.0,653761.0,6643.0,0.0,0.0
739,739,2022-01-30,698869,0.0,0.0,660404.0,6643.0,0.0,0.0
740,740,2022-01-31,707030,8161.0,8161.0,667630.0,7226.0,583.0,0.0
741,741,2022-02-01,715526,8496.0,335.0,675006.0,7376.0,150.0,0.0
742,742,2022-02-02,721103,5577.0,-2919.0,681427.0,6421.0,-955.0,0.0
743,743,2022-02-03,723385,2282.0,-3295.0,687503.0,6076.0,-345.0,0.0
744,744,2022-02-04,726124,2739.0,457.0,692787.0,5284.0,-792.0,0.0
745,745,2022-02-05,726124,0.0,-2739.0,698072.0,5285.0,1.0,0.0
746,746,2022-02-06,726124,0.0,0.0,703356.0,5284.0,-1.0,0.0
747,747,2022-02-07,729167,3043.0,3043.0,708389.0,5033.0,-251.0,0.0
748,748,2022-02-08,733459,4292.0,1249.0,712706.0,4317.0,-716.0,0.0
749,749,2022-02-09,736356,2897.0,-1395.0,716740.0,4034.0,-283.0,0.0
750,750,2022-02-10,738403,2047.0,-850.0,719958.0,3218.0,-816.0,0.0
751,751,2022-02-11,739728,1325.0,-722.0,722876.0,2918.0,-300.0,0.0
752,752,2022-02-12,739728,0.0,-1325.0,725795.0,2919.0,1.0,0.0
753,753,2022-02-13,739728,0.0,0.0,728713.0,2918.0,-1.0,0.0
754,754,2022-02-14,742489,2761.0,2761.0,731246.0,2533.0,-385.0,0.0
755,755,2022-02-15,744646,2157.0,-604.0,733326.0,2080.0,-453.0,0.0
756,756,2022-02-16,745247,601.0,-1556.0,735051.0,1725.0,-355.0,0.0
757,757,2022-02-17,745699,452.0,-149.0,736644.0,1593.0,-132.0,0.0
758,758,2022-02-18,748235,2536.0,2084.0,738224.0,1580.0,-13.0,0.0
759,759,2022-02-19,748235,0.0,-2536.0,739803.0,1579.0,-1.0,0.0
760,760,2022-02-20,748235,0.0,0.0,741382.0,1579.0,0.0,0.0
761,761,2022-02-21,748235,0.0,0.0,742744.0,1362.0,-217.0,0.0
762,762,2022-02-22,749065,830.0,830.0,743859.0,1115.0,-247.0,0.0
763,763,2022-02-23,751052,1987.0,1157.0,744909.0,1050.0,-65.0,0.0
764,764,2022-02-24,751496,444.0,-1543.0,745844.0,935.0,-115.0,0.0
765,765,2022-02-25,751957,461.0,17.0,746718.0,874.0,-61.0,0.0
766,766,2022-02-26,751957,0.0,-461.0,747591.0,873.0,-1.0,0.0
767,767,2022-02-27,751957,0.0,0.0,748465.0,874.0,1.0,0.0
768,768,2022-02-28,752410,453.0,453.0,749173.0,708.0,-166.0,0.0
769,769,2022-03-01,753426,1016.0,563.0,749800.0,627.0,-81.0,0.0
770,770,2022-03-02,753716,290.0,-726.0,750405.0,605.0,-22.0,0.0
771,771,2022-03-03,754047,331.0,41.0,751002.0,597.0,-8.0,0.0
772,772,2022-03-04,754526,479.0,148.0,751451.0,449.0,-148.0,0.0
773,773,2022-03-05,754526,0.0,-479.0,751900.0,449.0,0.0,0.0
774,774,2022-03-06,754526,0.0,0.0,752350.0,450.0,1.0,0.0
775,775,2022-03-07,755005,479.0,479.0,752833.0,483.0,33.0,0.0
776,776,2022-03-08,755811,806.0,327.0,753315.0,482.0,-1.0,0.0
777,777,2022-03-09,756127,316.0,-490.0,753678.0,363.0,-119.0,0.0
778,778,2022-03-10,756416,289.0,-27.0,754029.0,351.0,-12.0,0.0
779,779,2022-03-11,757944,1528.0,1239.0,754457.0,428.0,77.0,0.0
780,780,2022-03-12,757944,0.0,-1528.0,754884.0,427.0,-1.0,0.0
781,781,2022-03-13,757944,0.0,0.0,755312.0,428.0,1.0,0.0
782,782,2022-03-14,758241,297.0,297.0,755728.0,416.0,-12.0,0.0
783,783,2022-03-15,758553,312.0,15.0,756095.0,367.0,-49.0,0.0
784,784,2022-03-16,759064,511.0,199.0,756477.0,382.0,15.0,0.0
785,785,2022-03-17,759275,211.0,-300.0,756850.0,373.0,-9.0,0.0
786,786,2022-03-18,759550,275.0,64.0,757209.0,359.0,-14.0,0.0
787,787,2022-03-19,759550,0.0,-275.0,757568.0,359.0,0.0,0.0
788,788,2022-03-20,759550,0.0,0.0,757927.0,359.0,0.0,0.0
789,789,2022-03-21,759781,231.0,231.0,758268.0,341.0,-18.0,0.0
790,790,2022-03-22,760422,641.0,410.0,758597.0,329.0,-12.0,0.0
791,791,2022-03-23,760602,180.0,-461.0,758917.0,320.0,-9.0,0.0
792,792,2022-03-24,760840,238.0,58.0,759233.0,316.0,-4.0,0.0
793,793,2022-03-25,761112,272.0,34.0,759459.0,226.0,-90.0,0.0
794,794,2022-03-26,761112,0.0,-272.0,759685.0,226.0,0.0,0.0
795,795,2022-03-27,761112,0.0,0.0,759912.0,227.0,1.0,0.0
796,796,2022-03-28,761377,265.0,265.0,760136.0,224.0,-3.0,0.0
797,797,2022-03-29,761956,579.0,314.0,760379.0,243.0,19.0,0.0
798,798,2022-03-30,762174,218.0,-361.0,760601.0,222.0,-21.0,0.0
799,799,2022-03-31,762492,318.0,100.0,760831.0,230.0,8.0,0.0
800,800,2022-04-01,762818,326.0,8.0,761064.0,233.0,3.0,0.0
801,801,2022-04-02,762818,0.0,-326.0,761298.0,234.0,1.0,0.0
802,802,2022-04-03,762818,0.0,0.0,761531.0,233.0,-1.0,0.0
803,803,2022-04-04,763116,298.0,298.0,761769.0,238.0,5.0,0.0
804,804,2022-04-05,763762,646.0,348.0,762008.0,239.0,1.0,0.0
805,805,2022-04-06,763977,215.0,-431.0,762249.0,241.0,2.0,0.0
806,806,2022-04-07,764341,364.0,149.0,762499.0,250.0,9.0,0.0
807,807,2022-04-08,764714,373.0,9.0,762756.0,257.0,7.0,0.0
808,808,2022-04-09,764714,0.0,-373.0,763014.0,258.0,1.0,0.0
809,809,2022-04-10,764714,0.0,0.0,763271.0,257.0,-1.0,0.0
810,810,2022-04-11,765159,445.0,445.0,763541.0,270.0,13.0,0.0
811,811,2022-04-12,766026,867.0,422.0,763832.0,291.0,21.0,0.0
812,812,2022-04-13,766447,421.0,-446.0,764137.0,305.0,14.0,0.0
813,813,2022-04-14,766973,526.0,105.0,764457.0,320.0,15.0,0.0
814,814,2022-04-15,767526,553.0,27.0,764793.0,336.0,16.0,0.0
815,815,2022-04-16,767526,0.0,-553.0,765130.0,337.0,1.0,0.0
816,816,2022-04-17,767526,0.0,0.0,765466.0,336.0,-1.0,0.0
817,817,2022-04-18,768123,597.0,597.0,765823.0,357.0,21.0,0.0
818,818,2022-04-19,769313,1190.0,593.0,766220.0,397.0,40.0,0.0
819,819,2022-04-20,769915,602.0,-588.0,766644.0,424.0,27.0,0.0
820,820,2022-04-21,770565,650.0,48.0,767089.0,445.0,21.0,0.0
821,821,2022-04-22,771482,917.0,267.0,767572.0,483.0,38.0,0.0
822,822,2022-04-23,771482,0.0,-917.0,768056.0,484.0,1.0,0.0
823,823,2022-04-24,771482,0.0,0.0,768539.0,483.0,-1.0,0.0
824,824,2022-04-25,772188,706.0,706.0,769041.0,502.0,19.0,0.0
825,825,2022-04-26,773865,1677.0,971.0,769601.0,560.0,58.0,0.0
826,826,2022-04-27,774764,899.0,-778.0,770195.0,594.0,34.0,0.0
827,827,2022-04-28,775795,1031.0,132.0,770825.0,630.0,36.0,0.0
828,828,2022-04-29,777036,1241.0,210.0,771504.0,679.0,49.0,0.0
829,829,2022-04-30,777036,0.0,-1241.0,772184.0,680.0,1.0,0.0
830,830,2022-05-01,777036,0.0,0.0,772863.0,679.0,-1.0,0.0
831,831,2022-05-02,778161,1125.0,1125.0,773580.0,717.0,38.0,0.0
832,832,2022-05-03,779832,1671.0,546.0,774331.0,751.0,34.0,0.0
833,833,2022-05-04,781658,1826.0,155.0,775170.0,839.0,88.0,0.0
834,834,2022-05-05,783109,1451.0,-375.0,776066.0,896.0,57.0,0.0
835,835,2022-05-06,784500,1391.0,-60.0,776996.0,930.0,34.0,0.0
836,836,2022-05-07,784500,0.0,-1391.0,777926.0,930.0,0.0,0.0
837,837,2022-05-08,784500,0.0,0.0,778856.0,930.0,0.0,0.0
838,838,2022-05-09,786200,1700.0,1700.0,779857.0,1001.0,71.0,0.0
839,839,2022-05-10,789646,3446.0,1746.0,780984.0,1127.0,126.0,0.0
840,840,2022-05-11,790748,1102.0,-2344.0,782126.0,1142.0,15.0,0.0
841,841,2022-05-12,792358,1610.0,508.0,783309.0,1183.0,41.0,0.0
842,842,2022-05-13,794198,1840.0,230.0,784534.0,1225.0,42.0,0.0
843,843,2022-05-14,794198,0.0,-1840.0,785760.0,1226.0,1.0,0.0
844,844,2022-05-15,794198,0.0,0.0,786986.0,1226.0,0.0,0.0
845,845,2022-05-16,795861,1663.0,1663.0,788250.0,1264.0,38.0,0.0
846,846,2022-05-17,798768,2907.0,1244.0,789603.0,1353.0,89.0,0.0
847,847,2022-05-18,800045,1277.0,-1630.0,790916.0,1313.0,-40.0,0.0
848,848,2022-05-19,801286,1241.0,-36.0,792215.0,1299.0,-14.0,0.0
849,849,2022-05-20,802743,1457.0,216.0,793518.0,1303.0,4.0,0.0
850,850,2022-05-21,802743,0.0,-1457.0,794821.0,1303.0,0.0,0.0
851,851,2022-05-22,802743,0.0,0.0,796124.0,1303.0,0.0,0.0
852,852,2022-05-23,804119,1376.0,1376.0,797404.0,1280.0,-23.0,0.0
853,853,2022-05-24,806740,2621.0,1245.0,798625.0,1221.0,-59.0,0.0
854,854,2022-05-25,807666,926.0,-1695.0,799833.0,1208.0,-13.0,0.0
855,855,2022-05-26,808988,1322.0,396.0,801021.0,1188.0,-20.0,0.0
856,856,2022-05-27,810345,1357.0,35.0,802174.0,1153.0,-35.0,0.0
857,857,2022-05-28,810345,0.0,-1357.0,803328.0,1154.0,1.0,0.0
858,858,2022-05-29,810345,0.0,0.0,804481.0,1153.0,-1.0,0.0
859,859,2022-05-30,810345,0.0,0.0,805516.0,1035.0,-118.0,0.0
860,860,2022-05-31,811720,1375.0,1375.0,806441.0,925.0,-110.0,0.0
861,861,2022-06-01,812820,1100.0,-275.0,807353.0,912.0,-13.0,0.0
862,862,2022-06-02,815882,3062.0,1962.0,808396.0,1043.0,131.0,0.0
863,863,2022-06-03,816964,1082.0,-1980.0,809412.0,1016.0,-27.0,0.0
864,864,2022-06-04,816964,0.0,-1082.0,810428.0,1016.0,0.0,0.0
865,865,2022-06-05,816964,0.0,0.0,811443.0,1015.0,-1.0,0.0
866,866,2022-06-06,818309,1345.0,1345.0,812457.0,1014.0,-1.0,0.0
867,867,2022-06-07,821023,2714.0,1369.0,813477.0,1020.0,6.0,0.0
868,868,2022-06-08,821847,824.0,-1890.0,814490.0,1013.0,-7.0,0.0
869,869,2022-06-09,822938,1091.0,267.0,815486.0,996.0,-17.0,0.0
870,870,2022-06-10,824217,1279.0,188.0,816477.0,991.0,-5.0,0.0
871,871,2022-06-11,824217,0.0,-1279.0,817468.0,991.0,0.0,0.0
872,872,2022-06-12,824217,0.0,0.0,818459.0,991.0,0.0,0.0
873,873,2022-06-13,825186,969.0,969.0,819519.0,1060.0,69.0,0.0
874,874,2022-06-14,827714,2528.0,1559.0,820662.0,1143.0,83.0,0.0
875,875,2022-06-15,828537,823.0,-1705.0,821784.0,1122.0,-21.0,0.0
876,876,2022-06-16,829436,899.0,76.0,822752.0,968.0,-154.0,0.0
877,877,2022-06-17,830621,1185.0,286.0,823728.0,976.0,8.0,0.0
878,878,2022-06-18,830621,0.0,-1185.0,824703.0,975.0,-1.0,0.0
879,879,2022-06-19,830621,0.0,0.0,825679.0,976.0,1.0,0.0
880,880,2022-06-20,830621,0.0,0.0,826558.0,879.0,-97.0,0.0
881,881,2022-06-21,831549,928.0,928.0,827310.0,752.0,-127.0,0.0
882,882,2022-06-22,832549,1000.0,72.0,828075.0,765.0,13.0,0.0
883,883,2022-06-23,835425,2876.0,1876.0,828966.0,891.0,126.0,0.0
884,884,2022-06-24,836481,1056.0,-1820.0,829842.0,876.0,-15.0,0.0
885,885,2022-06-25,836481,0.0,-1056.0,830718.0,876.0,0.0,0.0
886,886,2022-06-26,836481,0.0,0.0,831594.0,876.0,0.0,0.0
887,887,2022-06-27,837401,920.0,920.0,832467.0,873.0,-3.0,0.0
888,888,2022-06-28,839589,2188.0,1268.0,833315.0,848.0,-25.0,0.0
889,889,2022-06-29,840407,818.0,-1370.0,834163.0,848.0,0.0,0.0
890,890,2022-06-30,840398,-9.0,-827.0,834946.0,783.0,-65.0,0.0
891,891,2022-07-01,840398,0.0,9.0,835644.0,698.0,-85.0,0.0
892,892,2022-07-02,840398,0.0,0.0,836343.0,699.0,1.0,0.0
893,893,2022-07-03,840398,0.0,0.0,837041.0,698.0,-1.0,0.0
894,894,2022-07-04,840398,0.0,0.0,837740.0,699.0,1.0,0.0
895,895,2022-07-05,840398,0.0,0.0,838372.0,632.0,-67.0,0.0
896,896,2022-07-06,840398,0.0,0.0,838932.0,560.0,-72.0,0.0
897,897,2022-07-07,845920,5522.0,5522.0,839682.0,750.0,190.0,0.0
898,898,2022-07-08,845920,0.0,-5522.0,840356.0,674.0,-76.0,0.0
899,899,2022-07-09,845920,0.0,0.0,841030.0,674.0,0.0,0.0
900,900,2022-07-10,845920,0.0,0.0,841704.0,674.0,0.0,0.0
901,901,2022-07-11,845920,0.0,0.0,842313.0,609.0,-65.0,0.0
902,902,2022-07-12,845920,0.0,0.0,842765.0,452.0,-157.0,0.0
903,903,2022-07-13,845920,0.0,0.0,843159.0,394.0,-58.0,0.0
904,904,2022-07-14,851764,5844.0,5844.0,843971.0,812.0,418.0,0.0
905,905,2022-07-15,851764,0.0,-5844.0,844783.0,812.0,0.0,0.0
906,906,2022-07-16,851764,0.0,0.0,845595.0,812.0,0.0,0.0
907,907,2022-07-17,851764,0.0,0.0,846406.0,811.0,-1.0,0.0
908,908,2022-07-18,851764,0.0,0.0,847218.0,812.0,1.0,0.0
909,909,2022-07-19,851764,0.0,0.0,848030.0,812.0,0.0,0.0
910,910,2022-07-20,851764,0.0,0.0,848842.0,812.0,0.0,0.0
911,911,2022-07-21,857352,5588.0,5588.0,849659.0,817.0,5.0,0.0
912,912,2022-07-22,857352,0.0,-5588.0,850475.0,816.0,-1.0,0.0
913,913,2022-07-23,857352,0.0,0.0,851292.0,817.0,1.0,0.0
914,914,2022-07-24,857352,0.0,0.0,852108.0,816.0,-1.0,0.0
915,915,2022-07-25,857352,0.0,0.0,852925.0,817.0,1.0,0.0
916,916,2022-07-26,857352,0.0,0.0,853741.0,816.0,-1.0,0.0
917,917,2022-07-27,857352,0.0,0.0,854558.0,817.0,1.0,0.0
918,918,2022-07-28,863118,5766.0,5766.0,855369.0,811.0,-6.0,0.0
919,919,2022-07-29,863118,0.0,-5766.0,856180.0,811.0,0.0,0.0
920,920,2022-07-30,863118,0.0,0.0,856991.0,811.0,0.0,0.0
921,921,2022-07-31,863118,0.0,0.0,857802.0,811.0,0.0,0.0
922,922,2022-08-01,863118,0.0,0.0,858613.0,811.0,0.0,0.0
923,923,2022-08-02,863118,0.0,0.0,859424.0,811.0,0.0,0.0
924,924,2022-08-03,863118,0.0,0.0,860235.0,811.0,0.0,0.0
925,925,2022-08-04,868782,5664.0,5664.0,861051.0,816.0,5.0,0.0
926,926,2022-08-05,868782,0.0,-5664.0,861868.0,817.0,1.0,0.0
927,927,2022-08-06,868782,0.0,0.0,862684.0,816.0,-1.0,0.0
928,928,2022-08-07,868782,0.0,0.0,863501.0,817.0,1.0,0.0
929,929,2022-08-08,868782,0.0,0.0,864317.0,816.0,-1.0,0.0
930,930,2022-08-09,868782,0.0,0.0,865134.0,817.0,1.0,0.0
931,931,2022-08-10,868782,0.0,0.0,865950.0,816.0,-1.0,0.0
932,932,2022-08-11,874348,5566.0,5566.0,866752.0,802.0,-14.0,0.0
933,933,2022-08-12,874348,0.0,-5566.0,867554.0,802.0,0.0,0.0
934,934,2022-08-13,874348,0.0,0.0,868356.0,802.0,0.0,0.0
935,935,2022-08-14,874348,0.0,0.0,869159.0,803.0,1.0,0.0
936,936,2022-08-15,874348,0.0,0.0,869961.0,802.0,-1.0,0.0
937,937,2022-08-16,874348,0.0,0.0,870763.0,802.0,0.0,0.0
938,938,2022-08-17,874348,0.0,0.0,871565.0,802.0,0.0,0.0
939,939,2022-08-18,879726,5378.0,5378.0,872347.0,782.0,-20.0,0.0
940,940,2022-08-19,879726,0.0,-5378.0,873128.0,781.0,-1.0,0.0
941,941,2022-08-20,879726,0.0,0.0,873910.0,782.0,1.0,0.0
942,942,2022-08-21,879726,0.0,0.0,874692.0,782.0,0.0,0.0
943,943,2022-08-22,879726,0.0,0.0,875474.0,782.0,0.0,0.0
944,944,2022-08-23,879726,0.0,0.0,876255.0,781.0,-1.0,0.0
945,945,2022-08-24,879726,0.0,0.0,877037.0,782.0,1.0,0.0
946,946,2022-08-25,884902,5176.0,5176.0,877791.0,754.0,-28.0,0.0
947,947,2022-08-26,884902,0.0,-5176.0,878545.0,754.0,0.0,0.0
948,948,2022-08-27,884902,0.0,0.0,879299.0,754.0,0.0,0.0
949,949,2022-08-28,884902,0.0,0.0,880052.0,753.0,-1.0,0.0
950,950,2022-08-29,884902,0.0,0.0,880806.0,754.0,1.0,0.0
951,951,2022-08-30,884902,0.0,0.0,881560.0,754.0,0.0,0.0
952,952,2022-08-31,884902,0.0,0.0,882314.0,754.0,0.0,0.0
953,953,2022-09-01,889407,4505.0,4505.0,883006.0,692.0,-62.0,0.0
954,954,2022-09-02,889407,0.0,-4505.0,883697.0,691.0,-1.0,0.0
955,955,2022-09-03,889407,0.0,0.0,884388.0,691.0,0.0,0.0
956,956,2022-09-04,889407,0.0,0.0,885080.0,692.0,1.0,0.0
957,957,2022-09-05,889407,0.0,0.0,885772.0,692.0,0.0,0.0
958,958,2022-09-06,889407,0.0,0.0,886463.0,691.0,-1.0,0.0
959,959,2022-09-07,889407,0.0,0.0,887154.0,691.0,0.0,0.0
960,960,2022-09-08,893032,3625.0,3625.0,887735.0,581.0,-110.0,0.0
961,961,2022-09-09,893032,0.0,-3625.0,888316.0,581.0,0.0,0.0
962,962,2022-09-10,893032,0.0,0.0,888897.0,581.0,0.0,0.0
963,963,2022-09-11,893032,0.0,0.0,889477.0,580.0,-1.0,0.0
964,964,2022-09-12,893032,0.0,0.0,890058.0,581.0,1.0,0.0
965,965,2022-09-13,893032,0.0,0.0,890639.0,581.0,0.0,0.0
966,966,2022-09-14,893032,0.0,0.0,891220.0,581.0,0.0,0.0
967,967,2022-09-15,896546,3514.0,3514.0,891729.0,509.0,-72.0,0.0
968,968,2022-09-16,896546,0.0,-3514.0,892239.0,510.0,1.0,0.0
969,969,2022-09-17,896546,0.0,0.0,892749.0,510.0,0.0,0.0
970,970,2022-09-18,896546,0.0,0.0,893259.0,510.0,0.0,0.0
971,971,2022-09-19,896546,0.0,0.0,893769.0,510.0,0.0,0.0
972,972,2022-09-20,896546,0.0,0.0,894279.0,510.0,0.0,0.0
973,973,2022-09-21,896546,0.0,0.0,894789.0,510.0,0.0,0.0
974,974,2022-09-22,900313,3767.0,3767.0,895309.0,520.0,10.0,0.0
975,975,2022-09-23,900313,0.0,-3767.0,895829.0,520.0,0.0,0.0
976,976,2022-09-24,900313,0.0,0.0,896349.0,520.0,0.0,0.0
977,977,2022-09-25,900313,0.0,0.0,896869.0,520.0,0.0,0.0
978,978,2022-09-26,900313,0.0,0.0,897389.0,520.0,0.0,0.0
979,979,2022-09-27,900313,0.0,0.0,897909.0,520.0,0.0,0.0
980,980,2022-09-28,900313,0.0,0.0,898430.0,521.0,1.0,0.0
981,981,2022-09-29,903635,3322.0,3322.0,898936.0,506.0,-15.0,0.0
982,982,2022-09-30,903635,0.0,-3322.0,899442.0,506.0,0.0,0.0
983,983,2022-10-01,903635,0.0,0.0,899949.0,507.0,1.0,0.0
984,984,2022-10-02,903635,0.0,0.0,900455.0,506.0,-1.0,0.0
985,985,2022-10-03,903635,0.0,0.0,900961.0,506.0,0.0,0.0
986,986,2022-10-04,903635,0.0,0.0,901468.0,507.0,1.0,0.0
987,987,2022-10-05,903635,0.0,0.0,901974.0,506.0,-1.0,0.0
988,988,2022-10-06,906698,3063.0,3063.0,902430.0,456.0,-50.0,0.0
989,989,2022-10-07,906698,0.0,-3063.0,902886.0,456.0,0.0,0.0
990,990,2022-10-08,906698,0.0,0.0,903342.0,456.0,0.0,0.0
991,991,2022-10-09,906698,0.0,0.0,903798.0,456.0,0.0,0.0
992,992,2022-10-10,906698,0.0,0.0,904254.0,456.0,0.0,0.0
993,993,2022-10-11,906698,0.0,0.0,904710.0,456.0,0.0,0.0
994,994,2022-10-12,906698,0.0,0.0,905166.0,456.0,0.0,0.0
995,995,2022-10-13,909631,2933.0,2933.0,905595.0,429.0,-27.0,0.0
996,996,2022-10-14,909631,0.0,-2933.0,906023.0,428.0,-1.0,0.0
997,997,2022-10-15,909631,0.0,0.0,906451.0,428.0,0.0,0.0
998,998,2022-10-16,909631,0.0,0.0,906880.0,429.0,1.0,0.0
999,999,2022-10-17,909631,0.0,0.0,907308.0,428.0,-1.0,0.0
1000,1000,2022-10-18,909631,0.0,0.0,907736.0,428.0,0.0,0.0
1001,1001,2022-10-19,909631,0.0,0.0,908164.0,428.0,0.0,0.0
1002,1002,2022-10-20,912211,2580.0,2580.0,908558.0,394.0,-34.0,0.0
1003,1003,2022-10-21,912211,0.0,-2580.0,908952.0,394.0,0.0,0.0
1004,1004,2022-10-22,912211,0.0,0.0,909346.0,394.0,0.0,0.0
1005,1005,2022-10-23,912211,0.0,0.0,909740.0,394.0,0.0,0.0
1006,1006,2022-10-24,912211,0.0,0.0,910133.0,393.0,-1.0,0.0
1007,1007,2022-10-25,912211,0.0,0.0,910527.0,394.0,1.0,0.0
1008,1008,2022-10-26,912211,0.0,0.0,910921.0,394.0,0.0,0.0
1009,1009,2022-10-27,914746,2535.0,2535.0,911286.0,365.0,-29.0,0.0
1010,1010,2022-10-28,914746,0.0,-2535.0,911652.0,366.0,1.0,0.0
